Id,URL,Grouping,Element source code,Description,Severity,HTML element,Help,Tab URL (if different from Page),Frame URL (if different from Page),Category,Labels,Weight,Additional Information,Selector,Created Date,Status,Manual?,Comments,Suggested remediation,Assigned to,Has Script?,Practice,WCAG 2 Level,WCAG 2 Success Criteria,Section 508 Paragraph,LOE,Manual Issue ID
16935636,https://host/view/all/builds,"Name, Role, Value","<a href=""https://www.jenkins.io/redirect/search-box"" class=""main-search__icon-trailing"">",Ensures links have discernible text,Issue,a,https://dequeuniversity.com/rules/axe/4.9/link-name?application=AxeChrome,https://host/view/all/builds,https://host/view/all/builds,link-name,,2, ,.main-search__icon-trailing,05/01/2025 10:33:30 EDT,open,FALSE,,,,FALSE,,WCAG 2 Level A,Success Criterion 2.4.4 Link Purpose (In Context),Paragraph A - Equivalent alternatives for non-text elements,,
16935637,https://host/view/all/builds,"Name, Role, Value","<button class=""jenkins-menu-dropdown-chevron"" data-href=""https://host/user/svc508u1"" aria-expanded=""false""></button>",Ensures buttons have discernible text,Issue,button,https://dequeuniversity.com/rules/axe/4.9/button-name?application=AxeChrome,https://host/view/all/builds,https://host/view/all/builds,button-name,,3, ,"a[href=""/user/svc508u1""] > .jenkins-menu-dropdown-chevron",05/01/2025 10:33:30 EDT,open,FALSE,,,,FALSE,,WCAG 2 Level A,"Success Criterion 4.1.2 Name, Role, Value",Paragraph A - Equivalent alternatives for non-text elements,,
16935638,https://host/view/all/builds,"Name, Role, Value","<button class=""jenkins-menu-dropdown-chevron"" data-href=""https://host/"" aria-expanded=""false""></button>",Ensures buttons have discernible text,Issue,button,https://dequeuniversity.com/rules/axe/4.9/button-name?application=AxeChrome,https://host/view/all/builds,https://host/view/all/builds,button-name,,3, ,"button[data-href$=""host/""]",05/01/2025 10:33:30 EDT,open,FALSE,,,,FALSE,,WCAG 2 Level A,"Success Criterion 4.1.2 Name, Role, Value",Paragraph A - Equivalent alternatives for non-text elements,,
16935639,https://host/view/all/builds,Language,<html>,Ensures every HTML document has a lang attribute,Issue,html,https://dequeuniversity.com/rules/axe/4.9/html-has-lang?application=AxeChrome,https://host/view/all/builds,https://host/view/all/builds,html-has-lang,,2, ,html,05/01/2025 10:33:30 EDT,open,FALSE,,,,FALSE,,WCAG 2 Level A,Success Criterion 3.1.1 Language of Page,,,
16935640,https://host/,"Name, Role, Value","<a href=""https://www.jenkins.io/redirect/search-box"" class=""main-search__icon-trailing"">",Ensures links have discernible text,Issue,a,https://dequeuniversity.com/rules/axe/4.9/link-name?application=AxeChrome,https://host/,https://host/,link-name,,2, ,.main-search__icon-trailing,05/01/2025 10:33:30 EDT,open,FALSE,,,,FALSE,,WCAG 2 Level A,Success Criterion 2.4.4 Link Purpose (In Context),Paragraph A - Equivalent alternatives for non-text elements,,
16935641,https://host/fingerprintCheck,"Name, Role, Value","<a href=""https://www.jenkins.io/redirect/search-box"" class=""main-search__icon-trailing"">",Ensures links have discernible text,Issue,a,https://dequeuniversity.com/rules/axe/4.9/link-name?application=AxeChrome,https://host/fingerprintCheck,https://host/fingerprintCheck,link-name,,2, ,.main-search__icon-trailing,05/01/2025 10:33:30 EDT,open,FALSE,,,,FALSE,,WCAG 2 Level A,Success Criterion 2.4.4 Link Purpose (In Context),Paragraph A - Equivalent alternatives for non-text elements,,
16935642,https://host/computer/,"Name, Role, Value","<a href=""https://www.jenkins.io/redirect/search-box"" class=""main-search__icon-trailing"">",Ensures links have discernible text,Issue,a,https://dequeuniversity.com/rules/axe/4.9/link-name?application=AxeChrome,https://host/computer/,https://host/computer/,link-name,,2, ,.main-search__icon-trailing,05/01/2025 10:33:30 EDT,open,FALSE,,,,FALSE,,WCAG 2 Level A,Success Criterion 2.4.4 Link Purpose (In Context),Paragraph A - Equivalent alternatives for non-text elements,,
16935643,https://host/,"Name, Role, Value","<button class=""jenkins-menu-dropdown-chevron"" data-href=""https://host/user/svc508u1"" aria-expanded=""false""></button>",Ensures buttons have discernible text,Issue,button,https://dequeuniversity.com/rules/axe/4.9/button-name?application=AxeChrome,https://host/,https://host/,button-name,,3, ,"a[href=""/user/svc508u1""] > .jenkins-menu-dropdown-chevron",05/01/2025 10:33:30 EDT,open,FALSE,,,,FALSE,,WCAG 2 Level A,"Success Criterion 4.1.2 Name, Role, Value",Paragraph A - Equivalent alternatives for non-text elements,,
16935644,https://host/fingerprintCheck,"Name, Role, Value","<button class=""jenkins-menu-dropdown-chevron"" data-href=""https://host/user/svc508u1"" aria-expanded=""false""></button>",Ensures buttons have discernible text,Issue,button,https://dequeuniversity.com/rules/axe/4.9/button-name?application=AxeChrome,https://host/fingerprintCheck,https://host/fingerprintCheck,button-name,,3, ,"a[href=""/user/svc508u1""] > .jenkins-menu-dropdown-chevron",05/01/2025 10:33:30 EDT,open,FALSE,,,,FALSE,,WCAG 2 Level A,"Success Criterion 4.1.2 Name, Role, Value",Paragraph A - Equivalent alternatives for non-text elements,,
16935645,https://host/computer/,"Name, Role, Value","<button class=""jenkins-menu-dropdown-chevron"" data-href=""https://host/user/svc508u1"" aria-expanded=""false""></button>",Ensures buttons have discernible text,Issue,button,https://dequeuniversity.com/rules/axe/4.9/button-name?application=AxeChrome,https://host/computer/,https://host/computer/,button-name,,3, ,"a[href=""/user/svc508u1""] > .jenkins-menu-dropdown-chevron",05/01/2025 10:33:30 EDT,open,FALSE,,,,FALSE,,WCAG 2 Level A,"Success Criterion 4.1.2 Name, Role, Value",Paragraph A - Equivalent alternatives for non-text elements,,
16935646,https://host/,"Name, Role, Value","<button class=""jenkins-menu-dropdown-chevron"" data-href=""https://host/"" aria-expanded=""false""></button>",Ensures buttons have discernible text,Issue,button,https://dequeuniversity.com/rules/axe/4.9/button-name?application=AxeChrome,https://host/,https://host/,button-name,,3, ,"button[data-href$=""host/""]",05/01/2025 10:33:30 EDT,open,FALSE,,,,FALSE,,WCAG 2 Level A,"Success Criterion 4.1.2 Name, Role, Value",Paragraph A - Equivalent alternatives for non-text elements,,
16935647,https://host/,Language,<html>,Ensures every HTML document has a lang attribute,Issue,html,https://dequeuniversity.com/rules/axe/4.9/html-has-lang?application=AxeChrome,https://host/,https://host/,html-has-lang,,2, ,html,05/01/2025 10:33:30 EDT,open,FALSE,,,,FALSE,,WCAG 2 Level A,Success Criterion 3.1.1 Language of Page,,,
16935648,https://host/computer/,"Name, Role, Value","<button class=""jenkins-menu-dropdown-chevron"" data-href=""https://host/"" aria-expanded=""false""></button>",Ensures buttons have discernible text,Issue,button,https://dequeuniversity.com/rules/axe/4.9/button-name?application=AxeChrome,https://host/computer/,https://host/computer/,button-name,,3, ,"button[data-href$=""host/""]",05/01/2025 10:33:30 EDT,open,FALSE,,,,FALSE,,WCAG 2 Level A,"Success Criterion 4.1.2 Name, Role, Value",Paragraph A - Equivalent alternatives for non-text elements,,
16935649,https://host/fingerprintCheck,"Name, Role, Value","<button class=""jenkins-menu-dropdown-chevron"" data-href=""https://host/"" aria-expanded=""false""></button>",Ensures buttons have discernible text,Issue,button,https://dequeuniversity.com/rules/axe/4.9/button-name?application=AxeChrome,https://host/fingerprintCheck,https://host/fingerprintCheck,button-name,,3, ,"button[data-href$=""host/""]",05/01/2025 10:33:30 EDT,open,FALSE,,,,FALSE,,WCAG 2 Level A,"Success Criterion 4.1.2 Name, Role, Value",Paragraph A - Equivalent alternatives for non-text elements,,
16935650,https://host/computer/,"Name, Role, Value","<button class=""jenkins-menu-dropdown-chevron"" data-href=""https://host/computer/(built-in)/"" aria-expanded=""false""></button>",Ensures buttons have discernible text,Issue,button,https://dequeuniversity.com/rules/axe/4.9/button-name?application=AxeChrome,https://host/computer/,https://host/computer/,button-name,,3, ,"a[href$=""(built-in)/""] > .jenkins-menu-dropdown-chevron",05/01/2025 10:33:30 EDT,open,FALSE,,,,FALSE,,WCAG 2 Level A,"Success Criterion 4.1.2 Name, Role, Value",Paragraph A - Equivalent alternatives for non-text elements,,
16935651,https://host/fingerprintCheck,Forms,"<input name=""name"" type=""file"" class=""jenkins-file-upload"">",Ensures every form element has a label,Issue,input,https://dequeuniversity.com/rules/axe/4.9/label?application=AxeChrome,https://host/fingerprintCheck,https://host/fingerprintCheck,label,,3, ,.jenkins-file-upload,05/01/2025 10:33:30 EDT,open,FALSE,,,,FALSE,,WCAG 2 Level A,"Success Criterion 4.1.2 Name, Role, Value",Paragraph N - Electronic forms,,
16935652,https://host/computer/,"Name, Role, Value","<button class=""jenkins-menu-dropdown-chevron"" data-href=""https://host/computer/lcds%2Dmedals%2Ddev%2Dpipeline%2D373%2D1120l%2Drhzs3%2D6n6fg/"" aria-expanded=""false""></button>",Ensures buttons have discernible text,Issue,button,https://dequeuniversity.com/rules/axe/4.9/button-name?application=AxeChrome,https://host/computer/,https://host/computer/,button-name,,3, ,#node_lcds-medals-dev-pipeline-373-1120l-rhzs3-6n6fg > td:nth-child(2) > .jenkins-table__link.inside.model-link > .jenkins-menu-dropdown-chevron,05/01/2025 10:33:30 EDT,open,FALSE,,,,FALSE,,WCAG 2 Level A,"Success Criterion 4.1.2 Name, Role, Value",Paragraph A - Equivalent alternatives for non-text elements,,
16935653,https://host/fingerprintCheck,Language,<html>,Ensures every HTML document has a lang attribute,Issue,html,https://dequeuniversity.com/rules/axe/4.9/html-has-lang?application=AxeChrome,https://host/fingerprintCheck,https://host/fingerprintCheck,html-has-lang,,2, ,html,05/01/2025 10:33:30 EDT,open,FALSE,,,,FALSE,,WCAG 2 Level A,Success Criterion 3.1.1 Language of Page,,,
16935654,https://host/computer/,"Name, Role, Value","<button class=""jenkins-menu-dropdown-chevron"" data-href=""https://host/computer/lcds%2Dshelflife%2Ddev%2Dpipeline%2D728%2D4llt1%2D1h84h%2D3k54n/"" aria-expanded=""false""></button>",Ensures buttons have discernible text,Issue,button,https://dequeuniversity.com/rules/axe/4.9/button-name?application=AxeChrome,https://host/computer/,https://host/computer/,button-name,,3, ,#node_lcds-shelflife-dev-pipeline-728-4llt1-1h84h-3k54n > td:nth-child(2) > .jenkins-table__link.inside.model-link > .jenkins-menu-dropdown-chevron,05/01/2025 10:33:30 EDT,open,FALSE,,,,FALSE,,WCAG 2 Level A,"Success Criterion 4.1.2 Name, Role, Value",Paragraph A - Equivalent alternatives for non-text elements,,
16935655,https://host/computer/,"Name, Role, Value","<button class=""jenkins-menu-dropdown-chevron"" data-href=""https://host/computer/med%2Dtest%2D60%2Ds370m%2D216zq%2D68p3q/"" aria-expanded=""false""></button>",Ensures buttons have discernible text,Issue,button,https://dequeuniversity.com/rules/axe/4.9/button-name?application=AxeChrome,https://host/computer/,https://host/computer/,button-name,,3, ,#node_med-test-60-s370m-216zq-68p3q > td:nth-child(2) > .jenkins-table__link.inside.model-link > .jenkins-menu-dropdown-chevron,05/01/2025 10:33:30 EDT,open,FALSE,,,,FALSE,,WCAG 2 Level A,"Success Criterion 4.1.2 Name, Role, Value",Paragraph A - Equivalent alternatives for non-text elements,,
16935656,https://host/computer/,Language,<html>,Ensures every HTML document has a lang attribute,Issue,html,https://dequeuniversity.com/rules/axe/4.9/html-has-lang?application=AxeChrome,https://host/computer/,https://host/computer/,html-has-lang,,2, ,html,05/01/2025 10:33:30 EDT,open,FALSE,,,,FALSE,,WCAG 2 Level A,Success Criterion 3.1.1 Language of Page,,,
16935657,https://host/me/my-views/view/all/,"Name, Role, Value","<a href=""https://www.jenkins.io/redirect/search-box"" class=""main-search__icon-trailing"">",Ensures links have discernible text,Issue,a,https://dequeuniversity.com/rules/axe/4.9/link-name?application=AxeChrome,https://host/me/my-views/view/all/,https://host/me/my-views/view/all/,link-name,,2, ,.main-search__icon-trailing,05/01/2025 10:33:30 EDT,open,FALSE,,,,FALSE,,WCAG 2 Level A,Success Criterion 2.4.4 Link Purpose (In Context),Paragraph A - Equivalent alternatives for non-text elements,,
16935658,https://host/me/my-views/view/all/,"Name, Role, Value","<button class=""jenkins-menu-dropdown-chevron"" data-href=""https://host/user/svc508u1"" aria-expanded=""false""></button>",Ensures buttons have discernible text,Issue,button,https://dequeuniversity.com/rules/axe/4.9/button-name?application=AxeChrome,https://host/me/my-views/view/all/,https://host/me/my-views/view/all/,button-name,,3, ,"a[href=""/user/svc508u1""] > .jenkins-menu-dropdown-chevron",05/01/2025 10:33:30 EDT,open,FALSE,,,,FALSE,,WCAG 2 Level A,"Success Criterion 4.1.2 Name, Role, Value",Paragraph A - Equivalent alternatives for non-text elements,,
16935659,https://host/me/my-views/view/all/,"Name, Role, Value","<button class=""jenkins-menu-dropdown-chevron"" data-href=""https://host/"" aria-expanded=""false""></button>",Ensures buttons have discernible text,Issue,button,https://dequeuniversity.com/rules/axe/4.9/button-name?application=AxeChrome,https://host/me/my-views/view/all/,https://host/me/my-views/view/all/,button-name,,3, ,"button[data-href$=""host/""]",05/01/2025 10:33:30 EDT,open,FALSE,,,,FALSE,,WCAG 2 Level A,"Success Criterion 4.1.2 Name, Role, Value",Paragraph A - Equivalent alternatives for non-text elements,,
16935660,https://host/me/my-views/view/all/,"Name, Role, Value","<button class=""jenkins-menu-dropdown-chevron"" data-href=""https://host/me/"" aria-expanded=""false""></button>",Ensures buttons have discernible text,Issue,button,https://dequeuniversity.com/rules/axe/4.9/button-name?application=AxeChrome,https://host/me/my-views/view/all/,https://host/me/my-views/view/all/,button-name,,3, ,"a[href$=""me/""] > .jenkins-menu-dropdown-chevron",05/01/2025 10:33:30 EDT,open,FALSE,,,,FALSE,,WCAG 2 Level A,"Success Criterion 4.1.2 Name, Role, Value",Paragraph A - Equivalent alternatives for non-text elements,,
16935661,https://host/me/my-views/view/all/,Language,<html>,Ensures every HTML document has a lang attribute,Issue,html,https://dequeuniversity.com/rules/axe/4.9/html-has-lang?application=AxeChrome,https://host/me/my-views/view/all/,https://host/me/my-views/view/all/,html-has-lang,,2, ,html,05/01/2025 10:33:30 EDT,open,FALSE,,,,FALSE,,WCAG 2 Level A,Success Criterion 3.1.1 Language of Page,,,
16935662,https://host/asynchPeople/,"Name, Role, Value","<a href=""https://www.jenkins.io/redirect/search-box"" class=""main-search__icon-trailing"">",Ensures links have discernible text,Issue,a,https://dequeuniversity.com/rules/axe/4.9/link-name?application=AxeChrome,https://host/asynchPeople/,https://host/asynchPeople/,link-name,,2, ,.main-search__icon-trailing,05/01/2025 10:33:30 EDT,open,FALSE,,,,FALSE,,WCAG 2 Level A,Success Criterion 2.4.4 Link Purpose (In Context),Paragraph A - Equivalent alternatives for non-text elements,,
16935663,https://host/asynchPeople/,"Name, Role, Value","<a href=""/asynchPeople/"" class=""""></a>",Ensures links have discernible text,Issue,a,https://dequeuniversity.com/rules/axe/4.9/link-name?application=AxeChrome,https://host/asynchPeople/,https://host/asynchPeople/,link-name,,2, ,"a[href$=""asynchPeople/""]",05/01/2025 10:33:30 EDT,open,FALSE,,,,FALSE,,WCAG 2 Level A,Success Criterion 2.4.4 Link Purpose (In Context),Paragraph A - Equivalent alternatives for non-text elements,,
16935664,https://host/asynchPeople/,"Name, Role, Value","<button class=""jenkins-menu-dropdown-chevron"" data-href=""https://host/user/svc508u1"" aria-expanded=""false""></button>",Ensures buttons have discernible text,Issue,button,https://dequeuniversity.com/rules/axe/4.9/button-name?application=AxeChrome,https://host/asynchPeople/,https://host/asynchPeople/,button-name,,3, ,"a[href=""/user/svc508u1""] > .jenkins-menu-dropdown-chevron",05/01/2025 10:33:30 EDT,open,FALSE,,,,FALSE,,WCAG 2 Level A,"Success Criterion 4.1.2 Name, Role, Value",Paragraph A - Equivalent alternatives for non-text elements,,
16935665,https://host/asynchPeople/,"Name, Role, Value","<button class=""jenkins-menu-dropdown-chevron"" data-href=""https://host/"" aria-expanded=""false""></button>",Ensures buttons have discernible text,Issue,button,https://dequeuniversity.com/rules/axe/4.9/button-name?application=AxeChrome,https://host/asynchPeople/,https://host/asynchPeople/,button-name,,3, ,"button[data-href$=""host/""]",05/01/2025 10:33:30 EDT,open,FALSE,,,,FALSE,,WCAG 2 Level A,"Success Criterion 4.1.2 Name, Role, Value",Paragraph A - Equivalent alternatives for non-text elements,,
16935666,https://host/asynchPeople/,Language,<html>,Ensures every HTML document has a lang attribute,Issue,html,https://dequeuniversity.com/rules/axe/4.9/html-has-lang?application=AxeChrome,https://host/asynchPeople/,https://host/asynchPeople/,html-has-lang,,2, ,html,05/01/2025 10:33:30 EDT,open,FALSE,,,,FALSE,,WCAG 2 Level A,Success Criterion 3.1.1 Language of Page,,,
16935667,https://host/projectRelationship,"Name, Role, Value","<a href=""https://www.jenkins.io/redirect/search-box"" class=""main-search__icon-trailing"">",Ensures links have discernible text,Issue,a,https://dequeuniversity.com/rules/axe/4.9/link-name?application=AxeChrome,https://host/projectRelationship,https://host/projectRelationship,link-name,,2, ,.main-search__icon-trailing,05/01/2025 10:33:30 EDT,open,FALSE,,,,FALSE,,WCAG 2 Level A,Success Criterion 2.4.4 Link Purpose (In Context),Paragraph A - Equivalent alternatives for non-text elements,,
16935668,https://host/projectRelationship,"Name, Role, Value","<button class=""jenkins-menu-dropdown-chevron"" data-href=""https://host/user/svc508u1"" aria-expanded=""false""></button>",Ensures buttons have discernible text,Issue,button,https://dequeuniversity.com/rules/axe/4.9/button-name?application=AxeChrome,https://host/projectRelationship,https://host/projectRelationship,button-name,,3, ,"a[href=""/user/svc508u1""] > .jenkins-menu-dropdown-chevron",05/01/2025 10:33:30 EDT,open,FALSE,,,,FALSE,,WCAG 2 Level A,"Success Criterion 4.1.2 Name, Role, Value",Paragraph A - Equivalent alternatives for non-text elements,,
16935669,https://host/projectRelationship,"Name, Role, Value","<button class=""jenkins-menu-dropdown-chevron"" data-href=""https://host/"" aria-expanded=""false""></button>",Ensures buttons have discernible text,Issue,button,https://dequeuniversity.com/rules/axe/4.9/button-name?application=AxeChrome,https://host/projectRelationship,https://host/projectRelationship,button-name,,3, ,"button[data-href$=""host/""]",05/01/2025 10:33:30 EDT,open,FALSE,,,,FALSE,,WCAG 2 Level A,"Success Criterion 4.1.2 Name, Role, Value",Paragraph A - Equivalent alternatives for non-text elements,,
16935670,https://host/projectRelationship,Forms,"<input autocomplete=""off"" name=""lhs"" id=""lhs"" class=""combobox "">",Ensures every form element has a label,Issue,input,https://dequeuniversity.com/rules/axe/4.9/label?application=AxeChrome,https://host/projectRelationship,https://host/projectRelationship,label,,3, ,#lhs,05/01/2025 10:33:30 EDT,open,FALSE,,,,FALSE,,WCAG 2 Level A,"Success Criterion 4.1.2 Name, Role, Value",Paragraph N - Electronic forms,,
16935671,https://host/projectRelationship,Forms,"<input autocomplete=""off"" name=""rhs"" id=""rhs"" class=""combobox "">",Ensures every form element has a label,Issue,input,https://dequeuniversity.com/rules/axe/4.9/label?application=AxeChrome,https://host/projectRelationship,https://host/projectRelationship,label,,3, ,#rhs,05/01/2025 10:33:30 EDT,open,FALSE,,,,FALSE,,WCAG 2 Level A,"Success Criterion 4.1.2 Name, Role, Value",Paragraph N - Electronic forms,,
16935672,https://host/projectRelationship,Language,<html>,Ensures every HTML document has a lang attribute,Issue,html,https://dequeuniversity.com/rules/axe/4.9/html-has-lang?application=AxeChrome,https://host/projectRelationship,https://host/projectRelationship,html-has-lang,,2, ,html,05/01/2025 10:33:30 EDT,open,FALSE,,,,FALSE,,WCAG 2 Level A,Success Criterion 3.1.1 Language of Page,,,
16935673,https://host/user/svc508u1/credentials/,"Name, Role, Value","<a href=""https://www.jenkins.io/redirect/search-box"" class=""main-search__icon-trailing"">",Ensures links have discernible text,Issue,a,https://dequeuniversity.com/rules/axe/4.9/link-name?application=AxeChrome,https://host/user/svc508u1/credentials/,https://host/user/svc508u1/credentials/,link-name,,2, ,.main-search__icon-trailing,05/01/2025 10:33:30 EDT,open,FALSE,,,,FALSE,,WCAG 2 Level A,Success Criterion 2.4.4 Link Purpose (In Context),Paragraph A - Equivalent alternatives for non-text elements,,
16935674,https://host/user/svc508u1/credentials/,"Name, Role, Value","<button class=""jenkins-menu-dropdown-chevron"" data-href=""https://host/user/svc508u1"" aria-expanded=""false""></button>",Ensures buttons have discernible text,Issue,button,https://dequeuniversity.com/rules/axe/4.9/button-name?application=AxeChrome,https://host/user/svc508u1/credentials/,https://host/user/svc508u1/credentials/,button-name,,3, ,"a[href=""/user/svc508u1""] > .jenkins-menu-dropdown-chevron",05/01/2025 10:33:30 EDT,open,FALSE,,,,FALSE,,WCAG 2 Level A,"Success Criterion 4.1.2 Name, Role, Value",Paragraph A - Equivalent alternatives for non-text elements,,
16935675,https://host/user/svc508u1/credentials/,"Name, Role, Value","<button class=""jenkins-menu-dropdown-chevron"" data-href=""https://host/"" aria-expanded=""false""></button>",Ensures buttons have discernible text,Issue,button,https://dequeuniversity.com/rules/axe/4.9/button-name?application=AxeChrome,https://host/user/svc508u1/credentials/,https://host/user/svc508u1/credentials/,button-name,,3, ,"button[data-href$=""host/""]",05/01/2025 10:33:30 EDT,open,FALSE,,,,FALSE,,WCAG 2 Level A,"Success Criterion 4.1.2 Name, Role, Value",Paragraph A - Equivalent alternatives for non-text elements,,
16935676,https://host/user/svc508u1/credentials/,"Name, Role, Value","<button class=""jenkins-menu-dropdown-chevron"" data-href=""https://host/user/svc508u1/"" aria-expanded=""false""></button>",Ensures buttons have discernible text,Issue,button,https://dequeuniversity.com/rules/axe/4.9/button-name?application=AxeChrome,https://host/user/svc508u1/credentials/,https://host/user/svc508u1/credentials/,button-name,,3, ,"a[href$=""svc508u1/""] > .jenkins-menu-dropdown-chevron",05/01/2025 10:33:30 EDT,open,FALSE,,,,FALSE,,WCAG 2 Level A,"Success Criterion 4.1.2 Name, Role, Value",Paragraph A - Equivalent alternatives for non-text elements,,
16935677,https://host/user/svc508u1/credentials/,"Name, Role, Value","<button class=""jenkins-menu-dropdown-chevron"" data-href=""https://host/user/svc508u1/credentials/"" aria-expanded=""false""></button>",Ensures buttons have discernible text,Issue,button,https://dequeuniversity.com/rules/axe/4.9/button-name?application=AxeChrome,https://host/user/svc508u1/credentials/,https://host/user/svc508u1/credentials/,button-name,,3, ,"a[href$=""credentials/""] > .jenkins-menu-dropdown-chevron",05/01/2025 10:33:30 EDT,open,FALSE,,,,FALSE,,WCAG 2 Level A,"Success Criterion 4.1.2 Name, Role, Value",Paragraph A - Equivalent alternatives for non-text elements,,
16935678,https://host/user/svc508u1/credentials/,"Name, Role, Value","<button class=""jenkins-menu-dropdown-chevron"" data-href=""https://host/user/svc508u1/credentials/store/user"" aria-expanded=""false""></button>",Ensures buttons have discernible text,Issue,button,https://dequeuniversity.com/rules/axe/4.9/button-name?application=AxeChrome,https://host/user/svc508u1/credentials/,https://host/user/svc508u1/credentials/,button-name,,3, ,"td[data=""-1""] > .inside.jenkins-table__link.model-link > .jenkins-menu-dropdown-chevron",05/01/2025 10:33:30 EDT,open,FALSE,,,,FALSE,,WCAG 2 Level A,"Success Criterion 4.1.2 Name, Role, Value",Paragraph A - Equivalent alternatives for non-text elements,,
16935679,https://host/user/svc508u1/credentials/,"Name, Role, Value","<button class=""jenkins-menu-dropdown-chevron"" data-href=""https://host/user/svc508u1/credentials/store/user/domain/_/"" aria-expanded=""false""></button>",Ensures buttons have discernible text,Issue,button,https://dequeuniversity.com/rules/axe/4.9/button-name?application=AxeChrome,https://host/user/svc508u1/credentials/,https://host/user/svc508u1/credentials/,button-name,,3, ,td:nth-child(3) > .inside.jenkins-table__link.model-link > .jenkins-menu-dropdown-chevron,05/01/2025 10:33:30 EDT,open,FALSE,,,,FALSE,,WCAG 2 Level A,"Success Criterion 4.1.2 Name, Role, Value",Paragraph A - Equivalent alternatives for non-text elements,,
16935680,https://host/user/svc508u1/credentials/,Language,<html>,Ensures every HTML document has a lang attribute,Issue,html,https://dequeuniversity.com/rules/axe/4.9/html-has-lang?application=AxeChrome,https://host/user/svc508u1/credentials/,https://host/user/svc508u1/credentials/,html-has-lang,,2, ,html,05/01/2025 10:33:30 EDT,open,FALSE,,,,FALSE,,WCAG 2 Level A,Success Criterion 3.1.1 Language of Page,,,
16935681,https://host/user/svc508u1/,"Name, Role, Value","<a href=""https://www.jenkins.io/redirect/search-box"" class=""main-search__icon-trailing"">",Ensures links have discernible text,Issue,a,https://dequeuniversity.com/rules/axe/4.9/link-name?application=AxeChrome,https://host/user/svc508u1/,https://host/user/svc508u1/,link-name,,2, ,.main-search__icon-trailing,05/01/2025 10:33:30 EDT,open,FALSE,,,,FALSE,,WCAG 2 Level A,Success Criterion 2.4.4 Link Purpose (In Context),Paragraph A - Equivalent alternatives for non-text elements,,
16935682,https://host/user/svc508u1/my-views/view/all/,"Name, Role, Value","<a href=""https://www.jenkins.io/redirect/search-box"" class=""main-search__icon-trailing"">",Ensures links have discernible text,Issue,a,https://dequeuniversity.com/rules/axe/4.9/link-name?application=AxeChrome,https://host/user/svc508u1/my-views/view/all/,https://host/user/svc508u1/my-views/view/all/,link-name,,2, ,.main-search__icon-trailing,05/01/2025 10:33:30 EDT,open,FALSE,,,,FALSE,,WCAG 2 Level A,Success Criterion 2.4.4 Link Purpose (In Context),Paragraph A - Equivalent alternatives for non-text elements,,
16935683,https://host/user/svc508u1/builds,"Name, Role, Value","<a href=""https://www.jenkins.io/redirect/search-box"" class=""main-search__icon-trailing"">",Ensures links have discernible text,Issue,a,https://dequeuniversity.com/rules/axe/4.9/link-name?application=AxeChrome,https://host/user/svc508u1/builds,https://host/user/svc508u1/builds,link-name,,2, ,.main-search__icon-trailing,05/01/2025 10:33:30 EDT,open,FALSE,,,,FALSE,,WCAG 2 Level A,Success Criterion 2.4.4 Link Purpose (In Context),Paragraph A - Equivalent alternatives for non-text elements,,
16935684,https://host/user/svc508u1/,"Name, Role, Value","<button class=""jenkins-menu-dropdown-chevron"" data-href=""https://host/user/svc508u1"" aria-expanded=""false""></button>",Ensures buttons have discernible text,Issue,button,https://dequeuniversity.com/rules/axe/4.9/button-name?application=AxeChrome,https://host/user/svc508u1/,https://host/user/svc508u1/,button-name,,3, ,"a[href=""/user/svc508u1""] > .jenkins-menu-dropdown-chevron",05/01/2025 10:33:30 EDT,open,FALSE,,,,FALSE,,WCAG 2 Level A,"Success Criterion 4.1.2 Name, Role, Value",Paragraph A - Equivalent alternatives for non-text elements,,
16935685,https://host/user/svc508u1/my-views/view/all/,"Name, Role, Value","<button class=""jenkins-menu-dropdown-chevron"" data-href=""https://host/user/svc508u1"" aria-expanded=""false""></button>",Ensures buttons have discernible text,Issue,button,https://dequeuniversity.com/rules/axe/4.9/button-name?application=AxeChrome,https://host/user/svc508u1/my-views/view/all/,https://host/user/svc508u1/my-views/view/all/,button-name,,3, ,"a[href=""/user/svc508u1""] > .jenkins-menu-dropdown-chevron",05/01/2025 10:33:30 EDT,open,FALSE,,,,FALSE,,WCAG 2 Level A,"Success Criterion 4.1.2 Name, Role, Value",Paragraph A - Equivalent alternatives for non-text elements,,
16935686,https://host/user/svc508u1/builds,"Name, Role, Value","<button class=""jenkins-menu-dropdown-chevron"" data-href=""https://host/user/svc508u1"" aria-expanded=""false""></button>",Ensures buttons have discernible text,Issue,button,https://dequeuniversity.com/rules/axe/4.9/button-name?application=AxeChrome,https://host/user/svc508u1/builds,https://host/user/svc508u1/builds,button-name,,3, ,"a[href=""/user/svc508u1""] > .jenkins-menu-dropdown-chevron",05/01/2025 10:33:30 EDT,open,FALSE,,,,FALSE,,WCAG 2 Level A,"Success Criterion 4.1.2 Name, Role, Value",Paragraph A - Equivalent alternatives for non-text elements,,
16935687,https://host/user/svc508u1/,"Name, Role, Value","<button class=""jenkins-menu-dropdown-chevron"" data-href=""https://host/"" aria-expanded=""false""></button>",Ensures buttons have discernible text,Issue,button,https://dequeuniversity.com/rules/axe/4.9/button-name?application=AxeChrome,https://host/user/svc508u1/,https://host/user/svc508u1/,button-name,,3, ,"button[data-href$=""host/""]",05/01/2025 10:33:30 EDT,open,FALSE,,,,FALSE,,WCAG 2 Level A,"Success Criterion 4.1.2 Name, Role, Value",Paragraph A - Equivalent alternatives for non-text elements,,
16935688,https://host/user/svc508u1/my-views/view/all/,"Name, Role, Value","<button class=""jenkins-menu-dropdown-chevron"" data-href=""https://host/"" aria-expanded=""false""></button>",Ensures buttons have discernible text,Issue,button,https://dequeuniversity.com/rules/axe/4.9/button-name?application=AxeChrome,https://host/user/svc508u1/my-views/view/all/,https://host/user/svc508u1/my-views/view/all/,button-name,,3, ,"button[data-href$=""host/""]",05/01/2025 10:33:30 EDT,open,FALSE,,,,FALSE,,WCAG 2 Level A,"Success Criterion 4.1.2 Name, Role, Value",Paragraph A - Equivalent alternatives for non-text elements,,
16935689,https://host/user/svc508u1/builds,"Name, Role, Value","<button class=""jenkins-menu-dropdown-chevron"" data-href=""https://host/"" aria-expanded=""false""></button>",Ensures buttons have discernible text,Issue,button,https://dequeuniversity.com/rules/axe/4.9/button-name?application=AxeChrome,https://host/user/svc508u1/builds,https://host/user/svc508u1/builds,button-name,,3, ,"button[data-href$=""host/""]",05/01/2025 10:33:30 EDT,open,FALSE,,,,FALSE,,WCAG 2 Level A,"Success Criterion 4.1.2 Name, Role, Value",Paragraph A - Equivalent alternatives for non-text elements,,
16935690,https://host/user/svc508u1/,"Name, Role, Value","<button class=""jenkins-menu-dropdown-chevron"" data-href=""https://host/user/svc508u1/"" aria-expanded=""false""></button>",Ensures buttons have discernible text,Issue,button,https://dequeuniversity.com/rules/axe/4.9/button-name?application=AxeChrome,https://host/user/svc508u1/,https://host/user/svc508u1/,button-name,,3, ,".model-link[href$=""svc508u1/""] > .jenkins-menu-dropdown-chevron",05/01/2025 10:33:30 EDT,open,FALSE,,,,FALSE,,WCAG 2 Level A,"Success Criterion 4.1.2 Name, Role, Value",Paragraph A - Equivalent alternatives for non-text elements,,
16935691,https://host/user/svc508u1/my-views/view/all/,"Name, Role, Value","<button class=""jenkins-menu-dropdown-chevron"" data-href=""https://host/user/svc508u1/"" aria-expanded=""false""></button>",Ensures buttons have discernible text,Issue,button,https://dequeuniversity.com/rules/axe/4.9/button-name?application=AxeChrome,https://host/user/svc508u1/my-views/view/all/,https://host/user/svc508u1/my-views/view/all/,button-name,,3, ,"a[href$=""svc508u1/""] > .jenkins-menu-dropdown-chevron",05/01/2025 10:33:30 EDT,open,FALSE,,,,FALSE,,WCAG 2 Level A,"Success Criterion 4.1.2 Name, Role, Value",Paragraph A - Equivalent alternatives for non-text elements,,
16935692,https://host/user/svc508u1/builds,"Name, Role, Value","<button class=""jenkins-menu-dropdown-chevron"" data-href=""https://host/user/svc508u1/"" aria-expanded=""false""></button>",Ensures buttons have discernible text,Issue,button,https://dequeuniversity.com/rules/axe/4.9/button-name?application=AxeChrome,https://host/user/svc508u1/builds,https://host/user/svc508u1/builds,button-name,,3, ,".model-link[href$=""svc508u1/""] > .jenkins-menu-dropdown-chevron",05/01/2025 10:33:30 EDT,open,FALSE,,,,FALSE,,WCAG 2 Level A,"Success Criterion 4.1.2 Name, Role, Value",Paragraph A - Equivalent alternatives for non-text elements,,
16935693,https://host/user/svc508u1/,Language,<html>,Ensures every HTML document has a lang attribute,Issue,html,https://dequeuniversity.com/rules/axe/4.9/html-has-lang?application=AxeChrome,https://host/user/svc508u1/,https://host/user/svc508u1/,html-has-lang,,2, ,html,05/01/2025 10:33:30 EDT,open,FALSE,,,,FALSE,,WCAG 2 Level A,Success Criterion 3.1.1 Language of Page,,,
16935694,https://host/user/svc508u1/builds,Language,<html>,Ensures every HTML document has a lang attribute,Issue,html,https://dequeuniversity.com/rules/axe/4.9/html-has-lang?application=AxeChrome,https://host/user/svc508u1/builds,https://host/user/svc508u1/builds,html-has-lang,,2, ,html,05/01/2025 10:33:30 EDT,open,FALSE,,,,FALSE,,WCAG 2 Level A,Success Criterion 3.1.1 Language of Page,,,
16935695,https://host/user/svc508u1/my-views/view/all/,Language,<html>,Ensures every HTML document has a lang attribute,Issue,html,https://dequeuniversity.com/rules/axe/4.9/html-has-lang?application=AxeChrome,https://host/user/svc508u1/my-views/view/all/,https://host/user/svc508u1/my-views/view/all/,html-has-lang,,2, ,html,05/01/2025 10:33:30 EDT,open,FALSE,,,,FALSE,,WCAG 2 Level A,Success Criterion 3.1.1 Language of Page,,,
16935696,https://host/user/svc508u1/configure,"Name, Role, Value","<a href=""https://www.jenkins.io/redirect/search-box"" class=""main-search__icon-trailing"">",Ensures links have discernible text,Issue,a,https://dequeuniversity.com/rules/axe/4.9/link-name?application=AxeChrome,https://host/user/svc508u1/configure,https://host/user/svc508u1/configure,link-name,,2, ,.main-search__icon-trailing,05/01/2025 10:33:30 EDT,open,FALSE,,,,FALSE,,WCAG 2 Level A,Success Criterion 2.4.4 Link Purpose (In Context),Paragraph A - Equivalent alternatives for non-text elements,,
16935697,https://host/user/svc508u1/configure,Forms,"<select fillurl=""/user/svc508u1/descriptorByName/org.jenkinsci.plugins.displayurlapi.user.PreferredProviderUserProperty/fillProviderIdItems"" name=""_.providerId"" class=""jenkins-select__input select"" value="""">",Ensures select element has an accessible name,Issue,select,https://dequeuniversity.com/rules/axe/4.9/select-name?application=AxeChrome,https://host/user/svc508u1/configure,https://host/user/svc508u1/configure,select-name,,3, ,"select[name=""_.providerId""]",05/01/2025 10:33:30 EDT,open,FALSE,,,,FALSE,,WCAG 2 Level A,"Success Criterion 4.1.2 Name, Role, Value",Paragraph N - Electronic forms,,
16935698,https://host/user/svc508u1/configure,Forms,"<select checkdependson=""timeZoneName"" fillurl=""/user/svc508u1/descriptorByName/hudson.model.TimeZoneProperty/fillTimeZoneNameItems"" checkurl=""/user/svc508u1/descriptorByName/hudson.model.TimeZoneProperty/checkTimeZoneName"" name=""_.timeZoneName"" class=""jenkins-select__input validated select"" value="""">",Ensures select element has an accessible name,Issue,select,https://dequeuniversity.com/rules/axe/4.9/select-name?application=AxeChrome,https://host/user/svc508u1/configure,https://host/user/svc508u1/configure,select-name,,3, ,"select[checkdependson=""timeZoneName""]",05/01/2025 10:33:30 EDT,open,FALSE,,,,FALSE,,WCAG 2 Level A,"Success Criterion 4.1.2 Name, Role, Value",Paragraph N - Electronic forms,,
16935699,https://host/user/svc508u1/configure,"Name, Role, Value","<button class=""jenkins-menu-dropdown-chevron"" data-href=""https://host/user/svc508u1"" aria-expanded=""false""></button>",Ensures buttons have discernible text,Issue,button,https://dequeuniversity.com/rules/axe/4.9/button-name?application=AxeChrome,https://host/user/svc508u1/configure,https://host/user/svc508u1/configure,button-name,,3, ,"a[href=""/user/svc508u1""] > .jenkins-menu-dropdown-chevron",05/01/2025 10:33:30 EDT,open,FALSE,,,,FALSE,,WCAG 2 Level A,"Success Criterion 4.1.2 Name, Role, Value",Paragraph A - Equivalent alternatives for non-text elements,,
16935700,https://host/user/svc508u1/configure,"Name, Role, Value","<button class=""jenkins-menu-dropdown-chevron"" data-href=""https://host/"" aria-expanded=""false""></button>",Ensures buttons have discernible text,Issue,button,https://dequeuniversity.com/rules/axe/4.9/button-name?application=AxeChrome,https://host/user/svc508u1/configure,https://host/user/svc508u1/configure,button-name,,3, ,"button[data-href$=""host/""]",05/01/2025 10:33:30 EDT,open,FALSE,,,,FALSE,,WCAG 2 Level A,"Success Criterion 4.1.2 Name, Role, Value",Paragraph A - Equivalent alternatives for non-text elements,,
16935701,https://host/user/svc508u1/configure,"Name, Role, Value","<button class=""jenkins-menu-dropdown-chevron"" data-href=""https://host/user/svc508u1/"" aria-expanded=""false""></button>",Ensures buttons have discernible text,Issue,button,https://dequeuniversity.com/rules/axe/4.9/button-name?application=AxeChrome,https://host/user/svc508u1/configure,https://host/user/svc508u1/configure,button-name,,3, ,".model-link[href$=""svc508u1/""] > .jenkins-menu-dropdown-chevron",05/01/2025 10:33:30 EDT,open,FALSE,,,,FALSE,,WCAG 2 Level A,"Success Criterion 4.1.2 Name, Role, Value",Paragraph A - Equivalent alternatives for non-text elements,,
16935702,https://host/user/svc508u1/configure,Forms,"<input name=""_.fullName"" placeholder="""" type=""text"" class=""jenkins-input   "" value=""svc508u1@dla.mil"">",Ensures every form element has a label,Issue,input,https://dequeuniversity.com/rules/axe/4.9/label?application=AxeChrome,https://host/user/svc508u1/configure,https://host/user/svc508u1/configure,label,,3, ,"input[name=""_.fullName""]",05/01/2025 10:33:30 EDT,open,FALSE,,,,FALSE,,WCAG 2 Level A,"Success Criterion 4.1.2 Name, Role, Value",Paragraph N - Electronic forms,,
16935703,https://host/user/svc508u1/configure,Forms,"<textarea name=""_.description"" rows=""5"" class=""jenkins-input   ""></textarea>",Ensures every form element has a label,Issue,textarea,https://dequeuniversity.com/rules/axe/4.9/label?application=AxeChrome,https://host/user/svc508u1/configure,https://host/user/svc508u1/configure,label,,3, ,"textarea[name=""_.description""]",05/01/2025 10:33:30 EDT,open,FALSE,,,,FALSE,,WCAG 2 Level A,"Success Criterion 4.1.2 Name, Role, Value",Paragraph N - Electronic forms,,
16935704,https://host/user/svc508u1/configure,Forms,"<input name=""email.address"" placeholder="""" type=""text"" class=""jenkins-input   "" value=""svc508u1@dla.mil"">",Ensures every form element has a label,Issue,input,https://dequeuniversity.com/rules/axe/4.9/label?application=AxeChrome,https://host/user/svc508u1/configure,https://host/user/svc508u1/configure,label,,3, ,"input[name=""email.address""]",05/01/2025 10:33:30 EDT,open,FALSE,,,,FALSE,,WCAG 2 Level A,"Success Criterion 4.1.2 Name, Role, Value",Paragraph N - Electronic forms,,
16935705,https://host/user/svc508u1/configure,Forms,"<input checkdependson=""exists"" checkurl=""/user/svc508u1/my-views/viewExistsCheck"" name=""_.primaryViewName"" placeholder="""" type=""text"" class=""jenkins-input validated  "" value="""">",Ensures every form element has a label,Issue,input,https://dequeuniversity.com/rules/axe/4.9/label?application=AxeChrome,https://host/user/svc508u1/configure,https://host/user/svc508u1/configure,label,,3, ,"input[checkdependson=""exists""]",05/01/2025 10:33:30 EDT,open,FALSE,,,,FALSE,,WCAG 2 Level A,"Success Criterion 4.1.2 Name, Role, Value",Paragraph N - Electronic forms,,
16935706,https://host/user/svc508u1/configure,Forms,"<textarea checkdependson="""" name=""_.authorizedKeys"" rows=""5"" class=""jenkins-input validated  "" checkurl=""/user/svc508u1/descriptorByName/org.jenkinsci.main.modules.cli.auth.ssh.UserPropertyImpl/checkAuthorizedKeys""></textarea>",Ensures every form element has a label,Issue,textarea,https://dequeuniversity.com/rules/axe/4.9/label?application=AxeChrome,https://host/user/svc508u1/configure,https://host/user/svc508u1/configure,label,,3, ,"textarea[checkdependson=""""]",05/01/2025 10:33:30 EDT,open,FALSE,,,,FALSE,,WCAG 2 Level A,"Success Criterion 4.1.2 Name, Role, Value",Paragraph N - Electronic forms,,
16935707,https://host/user/svc508u1/configure,Forms,"<input name=""insensitiveSearch"" checked=""true"" type=""checkbox"" class=""  "">",Ensures every form element has a label,Issue,input,https://dequeuniversity.com/rules/axe/4.9/label?application=AxeChrome,https://host/user/svc508u1/configure,https://host/user/svc508u1/configure,label,,3, ,"input[name=""insensitiveSearch""]",05/01/2025 10:33:30 EDT,open,FALSE,,,,FALSE,,WCAG 2 Level A,"Success Criterion 4.1.2 Name, Role, Value",Paragraph N - Electronic forms,,
16935708,https://host/user/svc508u1/configure,Language,<html>,Ensures every HTML document has a lang attribute,Issue,html,https://dequeuniversity.com/rules/axe/4.9/html-has-lang?application=AxeChrome,https://host/user/svc508u1/configure,https://host/user/svc508u1/configure,html-has-lang,,2, ,html,05/01/2025 10:33:30 EDT,open,FALSE,,,,FALSE,,WCAG 2 Level A,Success Criterion 3.1.1 Language of Page,,,
